Index,Location
1,Rebeccachester
2,Mcphersonview
3,Youngfort
4,Feliciashire
5,Port Deborah
6,Lake Johnathan
7,Carlsonchester
8,West Matthewborough
9,Karenshire
10,West Stephen
11,Cynthiaport
12,Hillberg
13,Michaeltown
14,Harrisport
15,East Janetfurt
16,Port Jeremyfurt
17,Quinnberg
18,New Brandon
19,South Michaelhaven
20,Port Derekton
21,New Matthewbury
22,Lake Gloriaport
23,North Audrey
24,West Raymond
25,North Jacob
26,Shafferland
27,West Richardbury
28,New John
29,North Marymouth
30,West James
31,Randallton
32,Port Kimberly
33,Lisaton
34,New Jenniferport
35,New Jason
36,Clineshire
37,Jacquelinefurt
38,North Jerry
39,Port Benjaminfort
40,Port Danielle
41,Port Jillianbury
42,Sherrybury
43,Port Charleschester
44,New Brandy
45,East Aaronburgh
46,Jamesview
47,Davisfort
48,West Tanya
49,South Kylestad
50,East Marcusberg
51,New Nicoleport
52,North Stephen
53,Lake Wendyland
54,Michaelfort
55,Lake Samantha
56,East Charles
57,Bowmanland
58,New Thomasville
59,Port Olivia
60,Port Lauramouth
61,Smithborough
62,Phillipsfurt
63,Harrisshire
64,South Williammouth
65,New Jonathan
66,Jennaburgh
67,Jonathanburgh
68,Jessicaborough
69,Kristenton
70,Garzafort
71,South Leslie
72,Williamport
73,South Beverlyton
74,Lake Rebecca
75,Tinaberg
76,Wongview
77,Ramseymouth
78,Port Jasonville
79,Port Nicholas
80,Michaelberg
81,Martinezfort
82,West Connorport
83,Carsonhaven
84,Troytown
85,Langton
86,Charlesfurt
87,Lake Stephanieside
88,Melissamouth
89,Amyborough
90,North Michelleburgh
91,Harryland
92,Lindseyland
93,Kevinchester
94,North Melissaville
95,Justinchester
96,Lake Barryland
97,New Teresaburgh
98,South Katieburgh
99,East Shannonhaven
100,West Nathanielton
101,North Kristenbury
102,Dicksonmouth
103,Bennettmouth
104,New Markview
105,West Robinborough
106,West Robert
107,South Amy
108,East Mark
109,Leeshire
110,West Joan
111,Johnton
112,Clarkville
113,Collinsmouth
114,South Sharonhaven
115,New Robert
116,Wellsstad
117,Sullivantown
118,Hortonview
119,Johnsonmouth
120,North Margaret
121,East Charlotte
122,Alisonfort
123,Brandifurt
124,Garciaview
125,Byrdside
126,New Cherylhaven
127,East Christophertown
128,Lake Jacobport
129,Michaelmouth
130,Lake Amystad
131,Lunahaven
132,Port Deanland
133,East Lawrenceburgh
134,Nicholashaven
135,Nicholasburgh
136,Adamfort
137,Brianview
138,South Dave
139,East Mary
140,Maryside
141,Carlbury
142,East Jameschester
143,Myersburgh
144,Cunninghamchester
145,Jacksonburgh
146,Collinschester
147,South Triciaburgh
148,West Jennifer
149,West Paulaport
150,Rodriguezshire
151,South Kristentown
152,North Sherryshire
153,East Stevenfort
154,Robertbury
155,North Misty
156,Lake Phillip
157,Calebstad
158,Philipshire
159,Port Anthony
160,East Johnland
161,West Kennethchester
162,South Scottview
163,Port Mariahton
164,Mortonmouth
165,Fowlerborough
166,North Benjamin
167,New Shannonmouth
168,Port Tracyville
169,Lake Joshua
170,Andrewview
171,Gibsonburgh
172,Lake Jorgemouth
173,Cortezborough
174,East Michaelmouth
175,East Erin
176,Lake Codymouth
177,Michaelaport
178,Lake Bobby
179,Williamland
180,Drakemouth
181,Bentonfort
182,Lake Douglasside
183,North Ernest
184,New Brookestad
185,Aprilberg
186,Mejiaburgh
187,Munozville
188,Lewisberg
189,North April
190,South Angelaland
191,Lake Kelseychester
192,Vargasshire
193,Port Markland
194,Dianachester
195,West Michaelside
196,Karenside
197,Millerbury
198,Lake Brianaborough
199,New Emma
200,Lindaside
201,New Robertborough
202,Rogerchester
203,South Ericmouth
204,West Barbarahaven
205,Jamesstad
206,Lake Jamie
207,South Ryanville
208,Lake Jessicaside
209,Leviport
210,Meyerberg
211,West Gary
212,Jacobsfort
213,Nicholsburgh
214,East Ashley
215,Joyburgh
216,Lake Jose
217,South Sarah
218,Huynhland
219,Herreraberg
220,South Thomashaven
221,Jeremyton
222,Nelsonton
223,Port Mark
224,New Richardstad
225,Maynardview
226,Montgomeryview
227,Scottbury
228,New Jacobmouth
229,Jensenside
230,South Stephen
231,West Sherrishire
232,Brianton
233,Meadowsland
234,Andrewside
235,South Veronicaland
236,Johnburgh
237,Hallfort
238,Adamburgh
239,Lake Jason
240,East Devinmouth
241,Franklinview
242,Louisview
243,Cheryltown
244,Leonardmouth
245,Dannyview
246,North Nicole
247,South Miranda
248,Garyland
249,West Sarahchester
250,Torrestown
251,Port Margaret
252,South Suzanne
253,South Jeremyshire
254,East Anne
255,Campbellborough
256,Gutierrezstad
257,Cynthialand
258,New Maryshire
259,Kennethview
260,East Kyleberg
261,South Joseph
262,New Patricia
263,Ricefort
264,Robertsmouth
265,North Kelly
266,East Elizabeth
267,Austinshire
268,Shortport
269,Port Robinport
270,Lake Holly
271,Crawfordtown
272,West Jenniferhaven
273,Meganfort
274,Mcconnellfurt
275,Port Meganshire
276,Lopezfort
277,Lake Ricardoburgh
278,East Oliviafort
279,Bobbybury
280,Emilymouth
281,Port Rileyshire
282,Chandlerchester
283,Cardenasside
284,Lake Heather
285,New Jonathanchester
286,Port Charlotte
287,Daviesburgh
288,Lake Isaactown
289,North Susanshire
290,New Dale
291,Theresahaven
292,Danielmouth
293,North Bradland
294,Johnsonside
295,Mitchellbury
296,West Maria
297,Daviston
298,Kathleenmouth
299,Lake Lisamouth
300,New Melvin
301,Ginaville
302,Ginaside
303,Port Patriciamouth
304,Dustinview
305,West Tammy
306,Lake Dylan
307,West Lindaville
308,Alexisborough
309,Loweborough
310,South Erik
311,South Brandon
312,Harrisbury
313,Port Zacharyborough
314,Lake Sandrafort
315,Allenmouth
316,East Mandyton
317,Lake Anna
318,West Justin
319,Travisview
320,Martinezhaven
321,Hancockburgh
322,North Reneebury
323,Nathanielland
324,Rodriguezhaven
325,Lucaston
326,Lake Matthew
327,Deanland
328,Floresside
329,Josephfurt
330,Port Heather
331,Troybury
332,New Nicholasmouth
333,Whitneyfort
334,West Thomas
335,Hudsonville
336,North Melissachester
337,West Mariah
338,Hunterland
339,East Josephside
340,South Adamland
341,Martinfort
342,Erichaven
343,Lake Tarastad
344,Brittanyburgh
345,Crossborough
346,North Brandonburgh
347,Lake Margaretport
348,Javierfort
349,Belindamouth
350,Christineport
351,New Jennifer
352,North Jessica
353,Scottton
354,Port Cole
355,Port Jonathan
356,East Christopherside
357,Barnesland
358,New Cory
359,Stevenview
360,Stephensshire
361,Dawnfurt
362,South Garyborough
363,East Crystal
364,Angelahaven
365,East Katherine
366,Lake Joseph
367,New Sheila
368,South Jane
369,Andersonstad
370,Markfort
371,North Robertahaven
372,Lake Autumnside
373,Glovermouth
374,North Markmouth
375,Elizabethstad
376,Port Glenn
377,West Joelton
378,West Williamville
379,Michaelborough
380,New Mark
381,Tylerberg
382,Timothyview
383,Leeport
384,West Mary
385,Cruzborough
386,Brianmouth
387,Veronicabury
388,Tonyaberg
389,Jeffreyport
390,Port Sue
391,South Travis
392,East Joshuaburgh
393,Lake William
394,Karenborough
395,Port Charles
396,Amandamouth
397,Parkerfort
398,West Jillstad
399,Simsland
400,Ryanburgh
401,Boyerville
402,New Pamela
403,Roachville
404,East Christopherton
405,East Carolyn
406,South Nicoleport
407,Port Michael
408,Whitebury
409,Deleontown
410,West Emilyborough
411,Lake James
412,Rogersland
413,Lopezmouth
414,Wallsfurt
415,Cameronside
416,New Courtneyton
417,Port Amy
418,Randallhaven
419,Lake Ryan
420,Steinfort
421,Jonesborough
422,Kurtstad
423,Johntown
424,Austinside
425,Lake Timothy
426,South Scottburgh
427,Vanessastad
428,Lake Matthewtown
429,New Joseph
430,Victoriaton
431,North Mariotown
432,Annchester
433,North Timothychester
434,East Jasmine
435,Lake Jennifer
436,Matthewfurt
437,Gonzalezland
438,Rachelbury
439,South Alexander
440,Andrewville
441,East Sheryl
442,West Jasmine
443,Thompsonton
444,South Christopherburgh
445,Maureenmouth
446,Riceton
447,Cassandramouth
448,East Thomasfort
449,Clarenceborough
450,Wellsville
451,Smithview
452,Larryside
453,Lake Amber
454,Jorgechester
455,Pachecoville
456,Gonzalezshire
457,Craigberg
458,Jamesshire
459,Lake Shelley
460,Adriennemouth
461,East Jodyview
462,Amandaville
463,Bushhaven
464,New Katelyn
465,South Trevor
466,Richardsmouth
467,East Victoria
468,West Nicole
469,Lake Andreabury
470,Lake Brenda
471,Lake Joe
472,Sallyburgh
473,Fordhaven
474,Lake Michaelmouth
475,South Elizabeth
476,Tiffanyshire
477,Reneefurt
478,South Richard
479,South Mikemouth
480,Port Shannon
481,West Laurie
482,East Ianchester
483,New Elizabeth
484,Rachelside
485,West Lynn
486,New Robertview
487,East Amandaport
488,Lake Alexisborough
489,Dawnborough
490,Port Latoyamouth
491,Jacksonborough
492,Castroville
493,Port James
494,Conradton
495,Lake Daniel
496,Port Paula
497,East Justin
498,Phillipston
499,North Amy
500,East Lukeburgh
501,Hurstshire
502,West Gabriellaborough
503,North Lisaport
504,North Michael
505,South Christopher
506,Port Marymouth
507,Port Paul
508,Port Robertstad
509,New Shelbyton
510,Martinezview
511,North Ryanmouth
512,Gonzalesborough
513,Lake Lisabury
514,Johnsonchester
515,South James
516,Tuckerport
517,New Cynthiahaven
518,Lynchbury
519,East Joel
520,Shannonport
521,Klineland
522,Jeffersonfurt
523,Ricardoburgh
524,East Caitlin
525,West Shawnside
526,East Daniel
527,New Joshua
528,Haynesburgh
529,West Charlotteberg
530,Jonesmouth
531,East Kayla
532,Port Jamieborough
533,Smithstad
534,New Kim
535,Jasonland
536,Palmermouth
537,South Angelicaburgh
538,Richardchester
539,Meganbury
540,Mullinsmouth
541,Stanleyberg
542,Marktown
543,Cortezmouth
544,Lake Pamela
545,Paceshire
546,Peggyville
547,South Courtney
548,Port Suzannechester
549,Tracyfurt
550,Cynthiamouth
551,North John
552,West Phillipstad
553,Port Tiffanyberg
554,Gomezland
555,West Jamesside
556,Jessicafort
557,Ryanville
558,Saundersstad
559,Shepherdbury
560,Ballberg
561,Freemanfort
562,West Staceyport
563,North Anthony
564,Maryland
565,Johnsonshire
566,North Matthew
567,Pettystad
568,Johnstonstad
569,Samuelview
570,South Justin
571,Julieside
572,Wrighttown
573,West Sharon
574,Port Julieberg
575,Bensonport
576,North Jameschester
577,New Ryan
578,West Ninatown
579,West Rebeccaland
580,East Jasontown
581,Clayview
582,East Danny
583,Parsonsstad
584,Port Jenniferport
585,Maryberg
586,Jonesport
587,Meghanmouth
588,North Tiffany
589,New Michael
590,Port Stevenstad
591,Delgadoside
592,Port Jason
593,North Emily
594,Madisonborough
595,New Kathymouth
596,Maryfurt
597,North Jesseborough
598,West John
599,Port Tracy
600,Hughesport
601,West Adam
602,Michaelport
603,Josephfort
604,Amandabury
605,Lisaborough
606,East Matthewburgh
607,Nelsonville
608,Shawnstad
609,East Seanview
610,West Charlesberg
611,Danielsland
612,Brandonborough
613,North Brian
614,Port Christopher
615,Port Raymondmouth
616,Masseyport
617,South Jonathanshire
618,Freemanland
619,South Brandonmouth
620,Joshuamouth
621,East Michaelstad
622,Cannonshire
623,Wilsonborough
624,South Timothy
625,Patriciaton
626,East Thomas
627,Davisport
628,Lewisfurt
629,Johnchester
630,Port Codyland
631,Douglasburgh
632,Ethanburgh
633,North Robert
634,Soniabury
635,Carlosborough
636,New Ann
637,Port Brendafort
638,Lake Meagan
639,Bradleyview
640,West Richard
641,East Timothyside
642,Villaburgh
643,Lisamouth
644,East Monica
645,Elizabethhaven
646,East Gregoryshire
647,Romeroshire
648,New Richard
649,Lake Joanneside
650,North Kyletown
651,Lake Ericborough
652,Bowenland
653,New Jeffery
654,Lake Kelly
655,Rodriguezstad
656,Alexandrachester
657,South Stephanie
658,Vargasberg
659,South Donaldview
660,Port Seanmouth
661,South Moniqueburgh
662,Rickytown
663,Freemanstad
664,Greenberg
665,Davisberg
666,Loriborough
667,Lake Donald
668,Brandonmouth
669,Angelatown
670,Cruzton
671,Aprilview
672,Richardview
673,Lake Melaniestad
674,South Rebecca
675,Lindaville
676,Lake Tiffanyberg
677,North Angela
678,Micheleberg
679,Port Sandraborough
680,Martinburgh
681,Lake Keith
682,South Jenniferview
683,Lake Edward
684,North Kristenberg
685,East Jonathanhaven
686,West Antonioburgh
687,Andreastad
688,North Jonathan
689,Port Michaeltown
690,West Matthew
691,Lake Amandaton
692,Harrismouth
693,Walterchester
694,South Patricia
695,Lake Tiffany
696,Zacharychester
697,Meyerburgh
698,New Carolborough
699,West Taylorhaven
700,New Phillip
701,Danaland
702,Tinamouth
703,North Sarah
704,Powellmouth
705,Haynesborough
706,Port Josephside
707,South Russellshire
708,East Christina
709,Floresview
710,Waynefort
711,Williamsfort
712,Reedland
713,Port Kevin
714,Lake Antoniomouth
715,Alishaburgh
716,Wendymouth
717,South Sandrachester
718,East Emilyton
719,West Victoria
720,East Francisco
721,Kevinview
722,Lake Jamiebury
723,East Tammy
724,Willisfort
725,Valentinefurt
726,Reyesshire
727,New Matthew
728,South Raymondville
729,Karatown
730,Alexanderchester
731,Travisport
732,Burkechester
733,Port Robertbury
734,Collinsfurt
735,West Carolmouth
736,Jonesfort
737,Donovantown
738,Kristaton
739,Barbaraport
740,North Katie
741,South Omarton
742,Mahoneyside
743,Nicoleville
744,North David
745,Lake Stephanie
746,Anitahaven
747,East Aaron
748,Port Tyler
749,Kimberlyfort
750,West Jenniferfurt
751,Richardsonland
752,West Jared
753,New Cherylstad
754,Lake Williamville
755,Holtborough
756,North Scottmouth
757,East Brandontown
758,Mcconnellland
759,New Jamietown
760,Jordanport
761,Jessicaberg
762,Port Shane
763,West Michaeltown
764,Catherineton
765,Thomaschester
766,Marytown
767,Deannabury
768,Wrightchester
769,Port Jefferystad
770,Oconnellmouth
771,Jamesfort
772,Harperborough
773,New Amandaview
774,Lake Sarah
775,South Harry
776,Shelbyhaven
777,New Dana
778,North Kathleentown
779,Fergusonton
780,Lake Lisa
781,Silvahaven
782,Juarezview
783,Lake Christopher
784,South Johnmouth
785,New Josephfurt
786,Barnesport
787,South Samantha
788,South Jonathanland
789,Port Martha
790,Perkinsside
791,North Steven
792,Port Lauriefort
793,Harringtonville
794,North Erika
795,Lake Nichole
796,Obrienchester
797,Waynefurt
798,Jenniferland
799,Dudleybury
800,Port Mary
801,Nortonville
802,Davidview
803,Andrewbury
804,Sarafort
805,South Chase
806,South Teresaburgh
807,Christineland
808,South Jessica
809,Kendraland
810,Pittmanmouth
811,South Jose
812,Wilsonshire
813,Millermouth
814,West Joel
815,East Donnafurt
816,Port William
817,Brooksstad
818,New Alexander
819,New Sandraport
820,Georgeberg
821,Lake Sabrinahaven
822,West Pamelamouth
823,Brownville
824,Sandersberg
825,Gonzaleztown
826,West Whitneybury
827,Ashleyshire
828,South Cody
829,Chavezberg
830,Dillonmouth
831,Lake Justin
832,New Frank
833,Michelleburgh
834,South Travisside
835,Jacobstad
836,Solomonstad
837,East Brendahaven
838,Taylorfurt
839,Kylieside
840,North Ericmouth
841,New Justinburgh
842,New Jo
843,Michaelland
844,Port Justinton
845,New Thomasfort
846,Lake Jonathan
847,North Peterborough
848,West Pamfort
849,Ryanbury
850,Lake Erik
851,Barbarastad
852,Pattersonburgh
853,East Donald
854,Port Patricia
855,Bondchester
856,New Ericaburgh
857,North Wandatown
858,Floreston
859,Sarachester
860,Parkerton
861,West Whitneystad
862,South Mariastad
863,Floydside
864,Port Toddport
865,Michellemouth
866,Mitchellstad
867,Blakemouth
868,East Jessica
869,Lake Sabrina
870,Lake Gloria
871,Port Kimberlyview
872,North Judith
873,West Hannah
874,Smithberg
875,Amberhaven
876,North Christopher
877,Ibarraland
878,Annshire
879,Holtville
880,North Meganside
881,Kimberlyberg
882,East Scott
883,Port Jennifer
884,North Janetfort
885,West Hunterberg
886,Port Laura
887,Lake Jodi
888,Lisaberg
889,Port Amanda
890,Loweville
891,New Emilyberg
892,Johnsonborough
893,Douglasport
894,Rossport
895,Simpsonside
896,Gregorybury
897,West Brian
898,Cannonchester
899,West Jessicatown
900,East Debra
901,Harmonmouth
902,Robinsonmouth
903,Sandrastad
904,Hudsonfurt
905,East Wayne
906,Brettview
907,North Tanya
908,Brianville
909,South Sherry
910,Walterston
911,Kellybury
912,Perryfurt
913,North Krystalside
914,Jackland
915,Smithmouth
916,East Jeffrey
917,North Tylershire
918,Michaelburgh
919,Esparzaton
920,Port Jenniferland
921,East Aprilborough
922,Sandovalview
923,Port Ryanside
924,Jessicahaven
925,Morrisonhaven
926,Sabrinahaven
927,Carolynfort
928,Moraleshaven
929,Angelaland
930,West Arthur
931,North Andrew
932,East Jillton
933,Stevensfurt
934,Amyport
935,Ryanshire
936,North Williamtown
937,Gloriaside
938,Anthonytown
939,New Chloeberg
940,Beckymouth
941,Meyerstad
942,Ramirezberg
943,Newtonview
944,Shanestad
945,Combsberg
946,Port Angela
947,Palmerside
948,New Dawnton
949,Davidsonview
950,Bishopberg
951,West Seanbury
952,South William
953,West Cathy
954,Port Ryan
955,Jacquelineland
956,Cervanteshaven
957,Robinsonchester
958,South Tony
959,Lake Kristin
960,East Timothystad
961,South Thomasborough
962,Robinsonview
963,Amyhaven
964,West Michael
965,Davidtown
966,East Carrieville
967,Lake Tina
968,East Anthonyhaven
969,Rodriguezport
970,Johnhaven
971,West Jessica
972,Judithville
973,Rodriguezborough
974,Joshualand
975,West Theresa
976,Flynnbury
977,South Jason
978,Sandrafurt
979,West Crystal
980,South Ashleymouth
981,West Lisaport
982,Gomezburgh
983,East Robert
984,South Nancyborough
985,South Kelsey
986,Lake Yvonne
987,Robinsonfurt
988,Chapmanfort
989,Port Jessica
990,Shawnmouth
991,Gilbertbury
992,North Michaelborough
993,New Andrea
994,New Steven
995,Brighttown
996,East Brittany
997,Davisville
998,North Jamiestad
999,East Henry
1000,Shawnaside
1001,Vazqueztown
1002,Mitchellland
1003,Johnborough
1004,Feliciafort
1005,East Jesse
1006,South Kellyhaven
1007,North Hannahtown
1008,East Jackieberg
1009,Briannachester
1010,New Charles
1011,Howeborough
1012,Port Martin
1013,Wardhaven
1014,Hillhaven
1015,Dawnton
1016,Mercerbury
1017,West Markmouth
1018,Patriciafurt
1019,Lake Karen
1020,Lake Marymouth
1021,Williamsview
1022,Jeromefort
1023,Dianaborough
1024,Caseville
1025,East Joe
1026,Ericastad
1027,North Tammy
1028,Riverabury
1029,South Krystal
1030,Torresport
1031,East Jesseville
1032,Hernandezmouth
1033,North Isabellaton
1034,Williamshire
1035,Mitchellchester
1036,Cookside
1037,Port Stephanie
1038,South Angela
1039,Davidton
1040,Sarafurt
1041,East Stephanie
1042,New Donnahaven
1043,Sanfordberg
1044,Davidmouth
1045,Port John
1046,Lisatown
1047,Jacobtown
1048,Morrisshire
1049,Mcgeeshire
1050,Danielleborough
1051,Larsonborough
1052,New Linda
1053,Alexisside
1054,Vangbury
1055,Greenburgh
1056,Mccartyview
1057,North Christina
1058,Hurleyville
1059,Suzannemouth
1060,Lake Corybury
1061,Jimeneztown
1062,Armstrongberg
1063,Silvaton
1064,East Sarahborough
1065,Amyview
1066,Johnfort
1067,Rossmouth
1068,West Andrea
1069,East Ivan
1070,East Kylestad
1071,North Hannahton
1072,Taylorburgh
1073,Port Erichaven
1074,Garciafort
1075,Lake Margaretstad
1076,New Yolanda
1077,Brittanyport
1078,East Christian
1079,Ellisville
1080,Wardfort
1081,Stacieville
1082,Richardshire
1083,Pittmanbury
1084,Lowefort
1085,New Gavinhaven
1086,Lake Sherriberg
1087,North Eric
1088,Lake Johnville
1089,South Scottshire
1090,Blackside
1091,East Richardhaven
1092,New Timothystad
1093,Mcbridechester
1094,Bryanmouth
1095,East Jackton
1096,North Toni
1097,North Randallfort
1098,South Kim
1099,Youngland
1100,Reedtown
1101,Andrewmouth
1102,Nguyenberg
1103,Harmonton
1104,Steinshire
1105,Joneshaven
1106,Contrerasshire
1107,Williamsport
1108,Murphybury
1109,East David
1110,Sandersville
1111,Port David
1112,East Danielstad
1113,Brettburgh
1114,Juliemouth
1115,Annaville
1116,Oliviaberg
1117,West Peterburgh
1118,New Erinchester
1119,Coxfurt
1120,Manuelview
1121,Lake Lindsey
1122,New Stephen
1123,Smithhaven
1124,Samuelstad
1125,South Marcusland
1126,Markton
1127,Johnfurt
1128,Dawnchester
1129,Douglasbury
1130,Matthewbury
1131,Port Michaelmouth
1132,Kennedyview
1133,West Timothy
1134,Port Scott
1135,Carlland
1136,Lake Jeremystad
1137,Jennatown
1138,Hernandezchester
1139,North Sheriborough
1140,East Jessicabury
1141,Aaronfort
1142,Bestmouth
1143,Lake April
1144,Catherineshire
1145,Jacquelineshire
1146,Alexanderside
1147,Arellanomouth
1148,West Samuelfort
1149,South Caitlin
1150,Lake Alexandraborough
1151,Maldonadoshire
1152,East Amy
1153,Allisonborough
1154,East Laura
1155,Lake Brittany
1156,Lake Jordan
1157,Shortfurt
1158,Port Thomasfort
1159,East Brian
1160,East Corey
1161,West Christopher
1162,Pettyhaven
1163,Carolynview
1164,Bushfort
1165,Monicamouth
1166,West Danielburgh
1167,Jenniferhaven
1168,East Charlesport
1169,North Thomasville
1170,Loganstad
1171,Jenniferborough
1172,Boyerchester
1173,North Aaron
1174,Riversside
1175,Carolville
1176,Port Gary
1177,New Jacobfurt
1178,West Jeffrey
1179,South Angelamouth
1180,Sotoville
1181,Larryshire
1182,South Hannah
1183,Christinaton
1184,Gilesport
1185,Danielsmouth
1186,North Thomas
1187,Nancybury
1188,Nelsonhaven
1189,New Antonio
1190,West Rachelstad
1191,East Bettyfurt
1192,Christinaland
1193,West Timothyborough
1194,New Rickymouth
1195,Meyerville
1196,Donnaview
1197,Adamsbury
1198,Chelseamouth
1199,Simmonsside
1200,Butlerland
1201,Pamelastad
1202,Grahamfort
1203,Leeview
1204,Campbellfurt
1205,Owenschester
1206,Port Joehaven
1207,East Jorge
1208,East Ronald
1209,Adrianborough
1210,Howardmouth
1211,Powellton
1212,Craigville
1213,Lake Samanthashire
1214,East Nathan
1215,North Megan
1216,South Michelle
1217,New Katie
1218,East Kristinmouth
1219,Smithchester
1220,New Kimberlymouth
1221,Timothyfurt
1222,Natalieburgh
1223,Sherihaven
1224,East Tylerport
1225,East Amandafort
1226,Lake Kim
1227,Melissaside
1228,Mcguireport
1229,Lake Nancyland
1230,Johnsonfort
1231,Hardinmouth
1232,Ashleyland
1233,Lake Tylerville
1234,Jamesville
1235,Fieldsbury
1236,Port Christianview
1237,Erikberg
1238,Greenechester
1239,Jerryfurt
1240,South Victorburgh
1241,West Paulland
1242,Deleonville
1243,Lake Melissashire
1244,Lake Stevenland
1245,Gallagherborough
1246,Walkerton
1247,West Lisa
1248,South Kellyville
1249,East Robertshire
1250,East Darlenebury
1251,Hartmouth
1252,East Johnville
1253,Terrihaven
1254,West Sergio
1255,Joshuachester
1256,West Kimberlyhaven
1257,Martinezmouth
1258,Valenzuelahaven
1259,Port Jessehaven
1260,Shermanland
1261,Maryshire
1262,Harrisonfort
1263,Heathshire
1264,East Kenneth
1265,Amychester
1266,East Robertside
1267,Bridgesshire
1268,Castrofort
1269,West Kenneth
1270,South Richardberg
1271,Douglasfort
1272,Lake Mitchellshire
1273,Andersontown
1274,Danielburgh
1275,Alexashire
1276,New Carlshire
1277,Lake Vernonmouth
1278,Lake Melissamouth
1279,Crystalchester
1280,Copelandbury
1281,Patrickton
1282,South Andrewfurt
1283,Juarezville
1284,Bradleystad
1285,North Dominique
1286,Lake Thomas
1287,West Nataliemouth
1288,Contrerasbury
1289,Thomasside
1290,New Ronaldfurt
1291,Robertsonton
1292,East Dennis
1293,South Michaelville
1294,North Leahville
1295,Samanthaland
1296,West Luishaven
1297,New Ethanstad
1298,Port Michaelville
1299,Elliottfort
1300,Guzmanville
1301,Lake Desiree
1302,Isabellaside
1303,Port Steven
1304,Manuelmouth
1305,Lisaburgh
1306,Chadberg
1307,Kathleenland
1308,Port Shawnshire
1309,South Shane
1310,New Austin
1311,Laurenfurt
1312,Lauratown
1313,Johnsonhaven
1314,New Jeanette
1315,East Peter
1316,East Christy
1317,Jaredport
1318,Lyonsview
1319,Kellyberg
1320,South Dennisberg
1321,West Sylviahaven
1322,South Brandonton
1323,Cowanmouth
1324,East Joseph
1325,North Michelle
1326,Manuelport
1327,Maynardside
1328,Rhodesborough
1329,West Christopherburgh
1330,Meltonburgh
1331,Jacquelinemouth
1332,Blakebury
1333,Bairdhaven
1334,Ayersview
1335,Jayside
1336,South Juliashire
1337,Aprilfort
1338,Lake Lisaport
1339,Michelleport
1340,Powersland
1341,Benjaminbury
1342,Moorebury
1343,Patelview
1344,Westton
1345,East Manuelland
1346,Christophertown
1347,Henrytown
1348,Port Nancymouth
1349,Sawyerchester
1350,Toddburgh
1351,Hortonville
1352,Port Tina
1353,Martinezville
1354,Aprilland
1355,Kentburgh
1356,West Meganmouth
1357,East Nicholasmouth
1358,North Kristen
1359,Glassview
1360,North James
1361,Riveratown
1362,Longhaven
1363,Harrisfort
1364,Andersonville
1365,West Teresa
1366,Kellyburgh
1367,West Jeremy
1368,Lake Yvette
1369,East Christopher
1370,North Darrell
1371,West Josechester
1372,East Jamesstad
1373,Port Philipchester
1374,New Jamesberg
1375,North Alec
1376,West Stephanieberg
1377,Bethanyshire
1378,New Jerry
1379,North Sean
1380,Elizabethfurt
1381,Port Marcus
1382,East Michelle
1383,Meganland
1384,Shawnshire
1385,East William
1386,North Stevenshire
1387,Matthewfort
1388,Jessicaburgh
1389,Romeroside
1390,Lake Angela
1391,New Heather
1392,Matthewmouth
1393,Olsonburgh
1394,Port Kevinshire
1395,East Jacquelinehaven
1396,Port Debbie
1397,Jeffreyfort
1398,Lamberttown
1399,West Margaretfort
1400,Jacksonton
1401,North Vickiport
1402,Lefort
1403,North Jose
1404,Port Adamburgh
1405,Lewisview
1406,East Shaneburgh
1407,Lake Rachel
1408,Caseymouth
1409,West Joy
1410,New Danielle
1411,Rebeccatown
1412,Murrayland
1413,Lewisborough
1414,Dawnland
1415,Carolside
1416,Turnerview
1417,Kennethtown
1418,East Maria
1419,South Tonyland
1420,North Claudia
1421,Lake Michelle
1422,Lake Amyberg
1423,Lake Angelaside
1424,Amandaburgh
1425,Ryanfurt
1426,Norrishaven
1427,Lake Miguelburgh
1428,Mckeemouth
1429,Pearsonfurt
1430,Danielleland
1431,West Carolyn
1432,Lake Carolineburgh
1433,Cynthiafort
1434,Angelafurt
1435,Amandashire
1436,Lake Alicia
1437,Logantown
1438,West Johnathanview
1439,Robertton
1440,Lake Lauraville
1441,Richardsonville
1442,Briggsfurt
1443,Veronicamouth
1444,Paulbury
1445,Cruzchester
1446,New Wendyside
1447,Moranview
1448,West Rachel
1449,Seantown
1450,Laurieshire
1451,South Jennifermouth
1452,Robertfurt
1453,Robertberg
1454,Owensberg
1455,Lake Roymouth
1456,New Rodneymouth
1457,Zacharyview
1458,Mckayfurt
1459,Morrisonmouth
1460,Snyderchester
1461,Jayland
1462,Brittneyfurt
1463,East Andrew
1464,East Jamesport
1465,East Melissa
1466,Port Heatherbury
1467,New Robinview
1468,Maryborough
1469,North Johnfort
1470,Douglasfurt
1471,Joshuaside
1472,Phillipport
1473,Stoneland
1474,Jeffreyfurt
1475,Morganstad
1476,South Lauraborough
1477,Turnermouth
1478,South Loriside
1479,Port Julieburgh
1480,Lake Tammyfort
1481,Lake Darrell
1482,Mccarthyborough
1483,West Julie
1484,West Laura
1485,Port Arielview
1486,Lorraineberg
1487,Dustinstad
1488,North Jennifer
1489,New Stacyton
1490,North Elaineside
1491,New Michelle
1492,Port Joseph
1493,New Anneview
1494,Abigailton
1495,Brianside
1496,Port Rhonda
1497,West Amy
1498,Joshuashire
1499,Lake Monique
1500,Brockview
1501,Andrewburgh
1502,Port Colleenborough
1503,Alexanderberg
1504,Ashleytown
1505,South Lee
1506,Middletonville
1507,South Jesse
1508,Leeborough
1509,Fordfurt
1510,Anthonyshire
1511,South Becky
1512,East Jennymouth
1513,Ryanchester
1514,East Douglas
1515,North Cristianberg
1516,West Christinefurt
1517,Port Karen
1518,North Sydney
1519,Timothyside
1520,Howardbury
1521,Larsonmouth
1522,Baileyburgh
1523,Port Gregoryport
1524,North Juliaside
1525,Pughview
1526,Port Timothy
1527,Patelville
1528,Nancyside
1529,Lake Katherinefort
1530,New Jennifershire
1531,Lake Thomasview
1532,South Jonathan
1533,New Chelsea
1534,Andersonbury
1535,Hoodfort
1536,Burtonland
1537,New Briana
1538,New Joshuamouth
1539,South Melissa
1540,New Amberview
1541,Lake Davidborough
1542,New Allison
1543,South Danaborough
1544,Carrport
1545,Berryland
1546,Port Kristieborough
1547,Mitchellborough
1548,Wilsonstad
1549,Claudiaburgh
1550,Lake Leslieland
1551,Natashaburgh
1552,Port Gail
1553,Lake Seth
1554,Silvaville
1555,Dominiqueshire
1556,Port Michaelbury
1557,Ambermouth
1558,Port Ronaldborough
1559,South Johaven
1560,Michaelside
1561,South Joseborough
1562,North Darrylville
1563,Stacyborough
1564,New Vicki
1565,South Elaine
1566,Port Barbara
1567,West Annaview
1568,Saraland
1569,New Matthewton
1570,Rachelview
1571,Lake Maryfurt
1572,Tammymouth
1573,Amystad
1574,Ballardfurt
1575,North Amyfurt
1576,Atkinsonview
1577,Brentchester
1578,New Melanie
1579,East Jennifer
1580,Mariaborough
1581,Thomashaven
1582,South Suestad
1583,West Christopherborough
1584,Lake Anita
1585,Lake Christopherview
1586,Gregmouth
1587,Reynoldsburgh
1588,Jacksonberg
1589,South Cynthia
1590,North Bradley
1591,Jeremyside
1592,East Davidchester
1593,Kellyhaven
1594,Lunaberg
1595,Sullivanburgh
1596,Lake Kenneth
1597,Johnnymouth
1598,Prattchester
1599,Port Williehaven
1600,Lake Brandonberg
1601,North Davidhaven
1602,Garyview
1603,New Virginiaview
1604,Joshuaport
1605,Lake Heidiberg
1606,Parkstad
1607,Brownbury
1608,West Jamesfurt
1609,Helenhaven
1610,Levimouth
1611,North Tanyaborough
1612,Hawkinsside
1613,West Denise
1614,Banksmouth
1615,West Anthony
1616,Blackburnberg
1617,Mcmillanburgh
1618,Bellchester
1619,South Laurahaven
1620,Oliviastad
1621,Stoneview
1622,South Paigefurt
1623,Port Taylorshire
1624,North Johnchester
1625,Wigginsmouth
1626,Robertborough
1627,Christopherstad
1628,New Joshuatown
1629,Ianburgh
1630,East Tracy
1631,Lake Marc
1632,Oliviaborough
1633,North Stephanie
1634,Mariaburgh
1635,West Jacquelineview
1636,South Margaret
1637,Duranburgh
1638,Dustinborough
1639,Huertaport
1640,Lake Shane
1641,North Samantha
1642,East Jonathan
1643,Brownland
1644,Robertville
1645,Strongchester
1646,North Danielle
1647,New Kristen
1648,East Wesley
1649,East Jamestown
1650,West Daniel
1651,East Christopherberg
1652,Phillipshaven
1653,West Brittany
1654,Blackland
1655,Lake Tammy
1656,Courtneyshire
1657,Port Larryfort
1658,Ronaldberg
1659,West Elizabethland
1660,Aaronville
1661,Ianmouth
1662,West Ann
1663,South Shelia
1664,Mikemouth
1665,East Terryview
1666,Hernandezport
1667,Gainesport
1668,South Davidhaven
1669,South Tracyside
1670,North Davidtown
1671,New Jacobport
1672,Brendafort
1673,Lake Amanda
1674,Cookview
1675,East Donna
1676,Knightborough
1677,Mcdonaldville
1678,Benjamintown
1679,Sanchezside
1680,East Tanya
1681,North Jay
1682,Frankburgh
1683,Port Brad
1684,Port Colinchester
1685,Myersbury
1686,Lawrencehaven
1687,Williamsmouth
1688,West Jenniferport
1689,East Valerieside
1690,Teresamouth
1691,Bellview
1692,Johnmouth
1693,Benitezburgh
1694,New Brandiberg
1695,Port Elizabethside
1696,Moorestad
1697,New Nathanfurt
1698,East Meaganview
1699,Lindsayburgh
1700,Lake Leslie
1701,Meyerton
1702,Webbville
1703,Chadtown
1704,South Josephfurt
1705,Kimville
1706,Jordanstad
1707,West Cheryl
1708,South Maryborough
1709,North Warren
1710,Lake Kathrynport
1711,Philiphaven
1712,Walshfort
1713,West Samanthastad
1714,Salinashaven
1715,North Brianbury
1716,Ryanmouth
1717,Kennedyfurt
1718,Suttonfurt
1719,Port Jamesberg
1720,Jamesberg
1721,West Bethhaven
1722,Washingtonstad
1723,New Ashley
1724,Roachshire
1725,New Kennethville
1726,Lake Courtneyville
1727,Port Brandiport
1728,Angelaview
1729,Johnbury
1730,Garrettland
1731,Huntmouth
1732,West Molly
1733,South Kathleen
1734,West Destinymouth
1735,North Tracy
1736,Lisafurt
1737,Lake Edwardmouth
1738,Kathyfurt
1739,Danielleburgh
1740,Stewartberg
1741,Barkerchester
1742,Rothside
1743,South Melanie
1744,Port Katherineview
1745,New Kathyton
1746,Jamiestad
1747,North Natalie
1748,Ericmouth
1749,Osbornebury
1750,Port Andrea
1751,Port Kelly
1752,South Austin
1753,Tannerton
1754,North Biancamouth
1755,Elizabethton
1756,New Jefferyport
1757,Jordantown
1758,Patrickbury
1759,Millerland
1760,Port Melissa
1761,Jamesborough
1762,Port Theresaberg
1763,Nathanielhaven
1764,North Ronald
1765,New Suzanneburgh
1766,Munozshire
1767,North Mariestad
1768,Annafort
1769,Reedview
1770,South Danielle
1771,Cooperton
1772,New Wesley
1773,Zacharyside
1774,Claytonberg
1775,Lake Christophermouth
1776,Carterbury
1777,Kellyfurt
1778,Lake Chris
1779,New Rachelton
1780,South Staceyshire
1781,Leonardfort
1782,Longmouth
1783,East Jenniferberg
1784,Williamfurt
1785,Lake Mary
1786,West Kimton
1787,Port Tylerbury
1788,South Andrew
1789,Victoriafurt
1790,Julieton
1791,Reynoldsfort
1792,Jennifershire
1793,Stacyburgh
1794,Joseville
1795,Nelsonview
1796,North Carmenberg
1797,South Lindsey
1798,Port Ralphstad
1799,Stephenborough
1800,Reedbury
1801,Mcmillanview
1802,Carlaville
1803,New Jameshaven
1804,Shelbyfurt
1805,New Reginaldtown
1806,Adamland
1807,Sanchezland
1808,Pottsview
1809,Mistyburgh
1810,Port Robertside
1811,Christinemouth
1812,Sullivanview
1813,Leahberg
1814,Lisaland
1815,Victorport
1816,New Caitlynland
1817,Richardfurt
1818,South Petershire
1819,Fergusonland
1820,Stephanieview
1821,Port Paulland
1822,Port Ryanmouth
1823,Port Daniel
1824,Bradleyland
1825,East Saraland
1826,Guerrerochester
1827,Scotttown
1828,North Lisaville
1829,Haileyton
1830,Jameshaven
1831,Harrisburgh
1832,North Aprilfurt
1833,Davisborough
1834,Johnstonland
1835,Colechester
1836,Lake Melissa
1837,North Meghan
1838,Lawsontown
1839,Liview
1840,West Melissa
1841,Josemouth
1842,Griffithchester
1843,Port Matthew
1844,East Jamesfurt
1845,Port Jeremy
1846,Richardville
1847,East Haroldville
1848,East Cynthia
1849,Lake Vanessa
1850,West Kathymouth
1851,North Sharon
1852,Collinsside
1853,Wardtown
1854,Nicholasmouth
1855,Lake Brianna
1856,Williamsonborough
1857,Burkeside
1858,Lake Kellyport
1859,South Sharonport
1860,Justinshire
1861,Longbury
1862,East Adamstad
1863,Lake Nicoleton
1864,Johnville
1865,Coopermouth
1866,West Sheilaborough
1867,Port Jean
1868,Trujillomouth
1869,Jenniferchester
1870,New Alicialand
1871,Fuenteston
1872,Brettfurt
1873,North Kari
1874,East Andre
1875,Port Jasonshire
1876,East Jamesland
1877,New Meganshire
1878,Camachoberg
1879,Lake Danielle
1880,Hartmanberg
1881,Lake Justinchester
1882,Aaronton
1883,North Seanton
1884,Angelicamouth
1885,West Andreabury
1886,Port Lindsayhaven
1887,West Bryan
1888,East Christopherburgh
1889,Bernardshire
1890,East Rachel
1891,Randalltown
1892,New Robertstad
1893,New Rick
1894,Aprilshire
1895,Watsonchester
1896,Watsonborough
1897,New Crystal
1898,Sheilaview
1899,Lake Elizabeth
1900,North George
1901,Jenkinsside
1902,North Amberbury
1903,Campbellmouth
1904,North Anna
1905,Alejandroview
1906,Lake Michelleshire
1907,East Brianna
1908,Hendersonborough
1909,West David
1910,Valencialand
1911,Fischermouth
1912,East Dianamouth
1913,Gomezport
1914,South Sandraport
1915,Jonathanville
1916,Tracyburgh
1917,Wilcoxchester
1918,Lake Saraton
1919,New Brittanyberg
1920,Rubiofort
1921,Valenzuelabury
1922,North Ericport
1923,Monicastad
1924,Allisontown
1925,Kyleport
1926,Sylviaport
1927,West Shelbyfurt
1928,Port Robertmouth
1929,Lake Debraberg
1930,Haroldbury
1931,Tiffanymouth
1932,Mcclainchester
1933,Lake Erinshire
1934,West Erin
1935,Fletcherberg
1936,South Sue
1937,Sharonton
1938,Port Morganhaven
1939,Susanfurt
1940,Port Felicia
1941,West Garrettfort
1942,South Sheilafurt
1943,East Carlafurt
1944,West Carlamouth
1945,New Jenniferborough
1946,Frederickview
1947,East John
1948,Kennethton
1949,Mcgeefort
1950,Justinhaven
1951,Port Stephen
1952,Rachelhaven
1953,Sharonmouth
1954,Johnsonland
1955,Port Jamesfurt
1956,Lake Melindamouth
1957,Cantushire
1958,Lake Anitaland
1959,New Malloryville
1960,Owensborough
1961,South Melindaton
1962,Hayesfurt
1963,West Robertburgh
1964,East Alexandriafort
1965,Bennettburgh
1966,East Kristin
1967,Andersonside
1968,North Claytonburgh
1969,Millerchester
1970,East Richard
1971,Lake Patriciamouth
1972,South Kevin
1973,South Hannahfort
1974,Joshuastad
1975,East Derek
1976,Thomasville
1977,Lake Jeffreychester
1978,New Carolberg
1979,Lake Edwin
1980,Sellersberg
1981,North Sheri
1982,South Patricktown
1983,Lake Davidbury
1984,Elliottberg
1985,North Maria
1986,New Lisa
1987,New Jenniferberg
1988,East Rebecca
1989,North Joshuaburgh
1990,West Brandiside
1991,Kennedyborough
1992,Emilyton
1993,Port Johnview
1994,Henryburgh
1995,Waltersbury
1996,Lake Jacqueline
1997,North Kristinahaven
1998,Port Sethhaven
1999,East Sarahstad
2000,Lake Mark
2001,Stevenport
2002,North Timchester
2003,Harrisonton
2004,Oliviachester
2005,Lake Deanmouth
2006,Lake Jerry
2007,Aaronstad
2008,Cochranville
2009,Reedport
2010,North Richard
2011,South Toddborough
2012,Hensonchester
2013,Lake Kimberly
2014,Hunterburgh
2015,Davidshire
2016,Jessicabury
2017,Lake Brittanyhaven
2018,Christineberg
2019,Port Brandonfort
2020,Lopezfurt
2021,Hernandezfurt
2022,Derekmouth
2023,Robinsonville
2024,Amberfurt
2025,Cummingsfort
2026,Stanleyview
2027,North Ivanville
2028,Combsfurt
2029,Georgeside
2030,Williamsstad
2031,Johnsonville
2032,Port Mauriceberg
2033,Wilkinsville
2034,Robbinsborough
2035,West Shanefort
2036,Walkerport
2037,East Stephenstad
2038,Cassandraview
2039,Maryview
2040,Stewartton
2041,North Virginia
2042,Nguyenport
2043,New Annaton
2044,Nealmouth
2045,Perryfort
2046,Morenoborough
2047,Huertastad
2048,Karenstad
2049,Jenniferburgh
2050,Zimmermanshire
2051,North Daniel
2052,Port Jenniferberg
2053,North Kara
2054,New Meganberg
2055,East Matthewhaven
2056,Bryanfurt
2057,West Dana
2058,Danielfort
2059,Annaland
2060,West Douglas
2061,Heathershire
2062,Port Denisemouth
2063,Lake Angel
2064,Brooksborough
2065,New Jamie
2066,New Thomasmouth
2067,Briannafort
2068,Collinsport
2069,Owensmouth
2070,Mossfurt
2071,Sullivanhaven
2072,North Barry
2073,Huynhfurt
2074,Laurenfort
2075,Murphyhaven
2076,North Michaela
2077,Hammondmouth
2078,Aguilarshire
2079,Singletontown
2080,South Lori
2081,New Jeffberg
2082,East Raymondton
2083,Nelsonchester
2084,Waltersstad
2085,South Michelemouth
2086,North Crystal
2087,Jamestown
2088,Lake Kristopherland
2089,Combstown
2090,Caitlinmouth
2091,Kevinmouth
2092,North Tinaview
2093,New Derrickland
2094,West Robertland
2095,South Stephenbury
2096,New Adrian
2097,Port Toddbury
2098,South Shaneside
2099,West Sandramouth
2100,Hamiltonmouth
2101,Brownburgh
2102,Maynardport
2103,North Angel
2104,Longberg
2105,Greenmouth
2106,New Joshuafurt
2107,Johnsonton
2108,West Lisastad
2109,Perkinshaven
2110,Perkinsburgh
2111,West Paige
2112,West Olivia
2113,Port Jacob
2114,North Pamela
2115,West Elizabeth
2116,Patriciaburgh
2117,Port Tony
2118,Teresaton
2119,Elizabethburgh
2120,Josephview
2121,Rachelville
2122,South Georgeborough
2123,North Hollymouth
2124,Lewisstad
2125,Markville
2126,North Kathybury
2127,West Natasha
2128,Lake Benjaminburgh
2129,Nicoleton
2130,New Johnfort
2131,Thomasland
2132,Laramouth
2133,Elizabethside
2134,Wardfurt
2135,Lake Aaronburgh
2136,North Bryanfurt
2137,North Charlotte
2138,Donnaville
2139,Ronaldmouth
2140,East Jennifershire
2141,Lindseytown
2142,Dylanburgh
2143,Hensonburgh
2144,West Travisshire
2145,Lake Emilyport
2146,Floresburgh
2147,West Kevin
2148,Charlenefurt
2149,Trevinoland
2150,Port Sherylstad
2151,Antoniochester
2152,West Bob
2153,Kristaburgh
2154,Lake Craigview
2155,Berryview
2156,East Thomasville
2157,South Monicatown
2158,East Michaelchester
2159,North Ericville
2160,Sarahfort
2161,Wolfeburgh
2162,Josephton
2163,West Allen
2164,Pughborough
2165,South Kristen
2166,New David
2167,Hamptonchester
2168,Aguilarburgh
2169,Kimberlyview
2170,New Timothyport
2171,Lake Robert
2172,Ianbury
2173,Lancefort
2174,East Adamfurt
2175,New Alejandra
2176,South Walter
2177,South Christinehaven
2178,Lake Davidfort
2179,North Allison
2180,Port Jeffreyville
2181,Kevinhaven
2182,South Jennifer
2183,Beckport
2184,Holmesfurt
2185,Samuelton
2186,Ramirezburgh
2187,Lake Brandon
2188,Lake Danielview
2189,North Traci
2190,Lake Nancystad
2191,Hunterhaven
2192,East Danielle
2193,Leeburgh
2194,Anthonyport
2195,Stephanieborough
2196,Ericside
2197,Robertchester
2198,Christopherchester
2199,South Ashley
2200,Kimberlyville
2201,West Beverlyhaven
2202,Lake Lorimouth
2203,New Thomasburgh
2204,Jacobton
2205,North Jeffrey
2206,East Kyletown
2207,Webstertown
2208,Justinstad
2209,East Victoriastad
2210,West Jeremiah
2211,North Aaronton
2212,Garymouth
2213,Williamberg
2214,Petersonside
2215,South Darleneborough
2216,Gibsonbury
2217,Fisherton
2218,Brianhaven
2219,Derekberg
2220,Lake Allen
2221,Port Wanda
2222,Port Don
2223,Schwartzbury
2224,Marquezhaven
2225,Allisonshire
2226,North Cathyton
2227,New Aaron
2228,Staceychester
2229,Gonzalezchester
2230,Kevinport
2231,West Jason
2232,Lewisville
2233,Port Ritaville
2234,Torresfort
2235,Harrisfurt
2236,Freemantown
2237,Lake Tommyburgh
2238,Wilsonton
2239,Michaelfurt
2240,Laurieburgh
2241,Port April
2242,Robertsview
2243,West Peter
2244,North Bryan
2245,Port Sarahview
2246,Christopherburgh
2247,Lake Gabrielle
2248,New Richardville
2249,Kevintown
2250,Scottville
2251,Edwardstown
2252,North Nicoletown
2253,Port Carlosville
2254,Johnview
2255,Gibsonstad
2256,Jakeside
2257,Garzaburgh
2258,Port Cheryltown
2259,North Tinaborough
2260,New Ian
2261,Smithport
2262,Ethanport
2263,Alexandraborough
2264,Williammouth
2265,Estradaborough
